,count,mean,std,min,25%,50%,75%,max
math_scores,5,43.4,7.436396977,31,43,45,48,50
chemistry_scores,5,46,30.69201851,11,23,43,68,85
information_technology_scores,5,49.6,22.01817431,25,33,51,58,81
physics_scores,5,54.4,29.39897957,21,28,60,73,90
total_score,5,193.4,36.28773898,144,184,192,202,245
average_score,5,48.35,9.071934744,36,46,48,50.5,61.25
